<SOAP-ENV:Envelope xmlns:xsi="http://www.w3.org/2001/XMLSchema-instance" xmlns:xsd="http://www.w3.org/2001/XMLSchema" xmlns:SOAP-ENC="http://schemas.xmlsoap.org/soap/encoding/" xmlns:SOAP-ENV="http://schemas.xmlsoap.org/soap/envelope/" xmlns:clr="http://schemas.microsoft.com/soap/encoding/clr/1.0" SOAP-ENV:encodingStyle="http://schemas.xmlsoap.org/soap/encoding/">
<SOAP-ENV:Body>
<a1:SioConfig id="ref-1" xmlns:a1="http://schemas.microsoft.com/clr/nsassem/Phychips.Driver/Phychips.Driver%2C%20Version%3D1.0.0.30668%2C%20Culture%3Dneutral%2C%20PublicKeyToken%3Dnull">
<Port id="ref-4">COM3</Port>
<Baud>115200</Baud>
<DataBits>8</DataBits>
<Parity>None</Parity>
<StopBits>One</StopBits>
</a1:SioConfig>
</SOAP-ENV:Body>
</SOAP-ENV:Envelope>
